{
	"credit": "Made with Blockbench",
	"ambientocclusion": false,
	"textures": {
		"side": "farmersdelight:block/skillet_side",
		"particle": "farmersdelight:block/skillet_top",
		"top": "farmersdelight:block/skillet_top",
		"bottom": "farmersdelight:block/skillet_bottom"
	},
	"elements": [
		{
			"name": "bottom",
			"from": [1, 0, 1],
			"to": [15, 1, 15],
			"faces": {
				"north": {"uv": [1, 3, 15, 4], "texture": "#side"},
				"east": {"uv": [1, 3, 15, 4], "texture": "#side"},
				"south": {"uv": [1, 3, 15, 4], "texture": "#side"},
				"west": {"uv": [1, 3, 15, 4], "texture": "#side"},
				"up": {"uv": [1, 1, 15, 15], "texture": "#top"},
				"down": {"uv": [1, 1, 15, 15], "texture": "#bottom", "cullface": "down"}
			}
		},
		{
			"name": "side north",
			"from": [1, 1, 1],
			"to": [15, 4, 2],
			"faces": {
				"north": {"uv": [1, 0, 15, 3], "texture": "#side"},
				"east": {"uv": [14, 0, 15, 3], "texture": "#side"},
				"south": {"uv": [1, 0, 15, 3], "texture": "#side"},
				"west": {"uv": [1, 0, 2, 3], "texture": "#side"},
				"up": {"uv": [1, 1, 15, 2], "texture": "#top"}
			}
		},
		{
			"name": "side south",
			"from": [1, 1, 14],
			"to": [15, 4, 15],
			"faces": {
				"north": {"uv": [1, 3, 15, 0], "texture": "#side"},
				"east": {"uv": [14, 0, 15, 3], "texture": "#side"},
				"south": {"uv": [1, 0, 15, 3], "texture": "#side"},
				"west": {"uv": [1, 0, 2, 3], "texture": "#side"},
				"up": {"uv": [1, 2, 15, 1], "texture": "#top"}
			}
		},
		{
			"name": "side west",
			"from": [1, 1, 2],
			"to": [2, 4, 14],
			"faces": {
				"east": {"uv": [2, 0, 14, 3], "texture": "#side"},
				"west": {"uv": [2, 0, 14, 3], "texture": "#side"},
				"up": {"uv": [1, 2, 2, 14], "texture": "#top"}
			}
		},
		{
			"name": "side east",
			"from": [14, 1, 2],
			"to": [15, 4, 14],
			"faces": {
				"east": {"uv": [2, 0, 14, 3], "texture": "#side"},
				"west": {"uv": [2, 0, 14, 3], "texture": "#side"},
				"up": {"uv": [2, 2, 1, 14], "texture": "#top"}
			}
		},
		{
			"name": "handle",
			"from": [7, 1, 15],
			"to": [9, 3, 27],
			"faces": {
				"north": {"uv": [7, 14, 9, 16], "texture": "#side"},
				"east": {"uv": [9, 4, 11, 16], "rotation": 90, "texture": "#side"},
				"south": {"uv": [3, 14, 5, 16], "texture": "#side"},
				"west": {"uv": [5, 4, 7, 16], "rotation": 270, "texture": "#side"},
				"up": {"uv": [7, 4, 9, 16], "texture": "#side"},
				"down": {"uv": [11, 4, 13, 16], "rotation": 180, "texture": "#side"}
			}
		}
	],
	"groups": [
		{
			"name": "pan",
			"origin": [8, 8, 8],
			"color": 0,
			"children": [0, 1, 2, 3, 4]
		},
		5
	]
}